1,0,-6.50393, 0.361719, 1.59247,Cytosine,73,1,null,
1,1,-6.15593, -0.227137, 1.56449,Cytosine,72,2,0,
1,2,-5.82393, -0.697899, 1.20966,Cytosine,71,3,1,
1,3,-5.49193, -0.886976, 0.651291,Thymine,70,4,2,
1,4,-5.15993, -0.72866, 0.0834367,Thymine,69,5,3,
1,5,-4.82793, -0.27797, -0.296564,Thymine,68,6,4,
1,6,-4.49593, 0.30847, -0.356653,Cytosine,67,7,5,
1,7,-4.16393, 0.826858, -0.0759477,Thymine,66,8,6,
1,8,-3.83193, 1.09704, 0.448001,Thymine,65,9,7,
1,9,-3.49993, 1.02513, 1.03311,Cytosine,64,10,8,
1,10,-3.16793, 0.636111, 1.47604,Adenine,63,11,9,
1,11,-2.83593, 0.0651772, 1.62286,Cytosine,104,12,10,
1,12,-2.50393, -0.489259, 1.42255,Thymine,103,13,11,
1,13,-2.17193, -0.834517, 0.944724,Thymine,102,14,12,
1,14,-1.83993, -0.850613, 0.355433,Adenine,101,15,13,
1,15,-1.50793, -0.531954, -0.140529,Adenine,100,16,14,
1,16,-1.17593, 0.0107206, -0.370804,Cytosine,99,17,15,
1,17,-0.843927, 0.588818, -0.255368,Cytosine,98,18,16,
1,18,-0.511927, 1.00144, 0.165664,Cytosine,97,19,17,
1,19,-0.179927, 1.10518, 0.745973,Cytosine,96,20,18,
1,20,0.152073, 0.864003, 1.28389,Cytosine,95,21,19,
1,21,0.484073, 0.361712, 1.59248,Adenine,115,22,20,
1,22,0.816073, -0.227134, 1.56449,Cytosine,114,23,21,
1,23,1.14807, -0.697896, 1.20966,Cytosine,113,24,22,
1,24,1.48007, -0.886976, 0.651295,Thymine,112,25,23,
1,25,1.81207, -0.728663, 0.0834405,Cytosine,111,26,24,
1,26,2.14407, -0.277974, -0.296562,Thymine,110,27,25,
1,27,2.47607, 0.308465, -0.356654,Thymine,109,28,26,
1,28,2.80807, 0.826855, -0.0759506,Thymine,108,29,27,
1,29,3.14007, 1.09704, 0.447996,Adenine,107,30,28,
1,30,3.47207, 1.02513, 1.0331,Thymine,106,31,29,
1,31,3.80407, 0.636116, 1.47603,Thymine,105,32,30,
1,32,4.13607, 0.0651831, 1.62286,Cytosine,146,33,31,
1,33,4.46807, -0.489254, 1.42255,Cytosine,145,34,32,
1,34,4.80007, -0.834515, 0.94473,Adenine,144,35,33,
1,35,5.13207, -0.850615, 0.35544,Adenine,143,36,34,
1,36,5.46407, -0.531959, -0.140524,Adenine,142,37,35,
1,37,5.79607, 0.0107133, -0.370804,Thymine,141,38,36,
1,38,6.12807, 0.588811, -0.255372,Adenine,140,39,37,
1,39,6.46007, 1.00143, 0.165657,Cytosine,139,40,38,
1,40,6.79207, 1.10518, 0.745965,Thymine,138,41,39,
1,41,7.12407, 0.864008, 1.28388,Adenine,137,42,40,
1,42,7.47018, 0.361712, 1.55357,Cytosine,220,43,41,
1,43,7.80218, -0.227134, 1.52559,Thymine,219,44,42,
1,44,8.13418, -0.697896, 1.17076,Thymine,218,45,43,
1,45,8.46618, -0.886976, 0.612393,Adenine,217,46,44,
1,46,8.79818, -0.728663, 0.0445387,Cytosine,216,47,45,
1,47,9.13018, -0.277974, -0.335464,Cytosine,215,48,46,
1,48,9.46218, 0.308465, -0.395556,Cytosine,214,49,47,
1,49,9.79418, 0.826855, -0.114852,Adenine,213,50,48,
1,50,10.1262, 1.09704, 0.409095,Thymine,212,51,49,
1,51,10.4582, 1.02513, 0.994202,Cytosine,211,52,50,
1,52,10.7902, 0.636116, 1.43713,Cytosine,210,53,51,
1,53,11.1222, 0.0651831, 1.58396,Cytosine,251,54,52,
1,54,11.4542, -0.489254, 1.38365,Cytosine,250,55,53,
1,55,11.7862, -0.834515, 0.905828,Adenine,249,56,54,
1,56,12.1182, -0.850615, 0.316538,Thymine,248,57,55,
1,57,12.4502, -0.531959, -0.179426,Cytosine,247,58,56,
1,58,12.7822, 0.0107133, -0.409705,Cytosine,246,59,57,
1,59,13.1142, 0.588811, -0.294273,Cytosine,245,60,58,
1,60,13.4462, 1.00143, 0.126755,Cytosine,244,61,59,
1,61,13.7782, 1.10518, 0.707064,Adenine,243,62,60,
1,62,14.1102, 0.864008, 1.24498,Cytosine,242,null,61,
2,63,-3.16793, 0.155144, -0.37511,Thymine,10,64,null,
2,64,-3.49993, -0.415051, -0.225442,Guanine,9,65,63,
2,65,-3.83193, -0.801857, 0.219421,Adenine,8,66,64,
2,66,-4.16393, -0.870851, 0.80488,Adenine,7,67,65,
2,67,-4.49593, -0.598056, 1.32747,Guanine,6,68,66,
2,68,-4.82793, -0.0782744, 1.60559,Adenine,5,69,67,
2,69,-5.15993, 0.507858, 1.54258,Adenine,4,70,68,
2,70,-5.49193, 0.956648, 1.16034,Adenine,3,71,69,
2,71,-5.82393, 1.11213, 0.591699,Guanine,2,72,70,
2,72,-6.15593, 0.920271, 0.034283,Guanine,1,73,71,
2,73,-6.50393, 0.447736, -0.318201,Adenine,0,74,72,
2,74,-6.5058, 0.109395, -0.749467,Thymine,209,75,73,
2,75,-6.15987, -0.259354, -1.14347,Guanine,208,76,74,
2,76,-5.82871, -0.395827, -1.71745,Adenine,207,77,75,
2,77,-5.49585, -0.185593, -2.26768,Adenine,206,78,76,
2,78,-5.16161, 0.297727, -2.60299,Adenine,205,79,77,
2,79,-4.82676, 0.885609, -2.60687,Thymine,204,80,78,
2,80,-4.49229, 1.37319, -2.27803,Adenine,203,81,79,
2,81,-4.15907, 1.59047, -1.73077,Adenine,202,82,80,
2,82,-3.82751, 1.46138, -1.15531,Guanine,201,83,81,
2,83,-3.49747, 1.03022, -0.751674,Guanine,200,84,82,
2,84,-3.16827, 0.446265, -0.660172,Guanine,199,85,83,
2,85,-2.83893, -0.0880995, -0.912637,Adenine,198,86,84,
2,86,-2.50854, -0.387732, -1.42137,Thymine,197,87,85,
2,87,-2.17653, -0.349062, -2.0096,Adenine,196,88,86,
2,88,-1.84291, 0.0139124, -2.47295,Adenine,195,89,87,
2,89,-1.50824, 0.57449, -2.65043,Adenine,194,90,88,
2,90,-1.17346, 1.1373, -2.48039,Adenine,193,91,89,
2,91,-0.839524, 1.50619, -2.02197,Guanine,192,92,90,
2,92,-0.507115, 1.55241, -1.4345,Adenine,191,93,91,
2,93,-0.176374, 1.25933, -0.922191,Adenine,190,94,92,
2,94,0.153136, 0.728253, -0.663108,Adenine,189,95,93,
2,95,0.152073, -0.141235, -0.343247,Guanine,20,96,94,
2,96,-0.179927, -0.641981, -0.0321603,Adenine,19,97,95,
2,97,-0.511927, -0.880476, 0.506952,Adenine,18,98,96,
2,98,-0.843927, -0.773838, 1.08674,Adenine,17,99,97,
2,99,-1.17593, -0.359124, 1.50571,Guanine,16,100,98,
2,100,-1.50793, 0.219541, 1.61826,Thymine,15,101,99,
2,101,-1.83993, 0.76106, 1.38528,Thymine,14,102,100,
2,102,-2.17193, 1.07724, 0.887734,Adenine,13,103,101,
2,103,-2.50393, 1.05821, 0.298531,Adenine,12,104,102,
2,104,-2.83593, 0.710572, -0.177568,Guanine,11,null,103,
3,105,3.80407, 0.155138, -0.37511,Adenine,31,106,null,
3,106,3.47207, -0.415055, -0.22544,Adenine,30,107,105,
3,107,3.14007, -0.801859, 0.219425,Thymine,29,108,106,
3,108,2.80807, -0.870851, 0.804884,Adenine,28,109,107,
3,109,2.47607, -0.598053, 1.32748,Adenine,27,110,108,
3,110,2.14407, -0.0782698, 1.60559,Adenine,26,111,109,
3,111,1.81207, 0.507862, 1.54258,Guanine,25,112,110,
3,112,1.48007, 0.95665, 1.16033,Adenine,24,113,111,
3,113,1.14807, 1.11213, 0.591695,Guanine,23,114,112,
3,114,0.816073, 0.920269, 0.0342802,Adenine,22,115,113,
3,115,0.484073, 0.447743, -0.318199,Thymine,21,116,114,
3,116,0.482279, 0.143174, -0.747325,Adenine,188,117,115,
3,117,0.812046, -0.293138, -1.14561,Guanine,187,118,116,
3,118,1.14321, -0.429612, -1.71959,Adenine,186,119,117,
3,119,1.47607, -0.219381, -2.26982,Adenine,185,120,118,
3,120,1.81031, 0.263937, -2.60513,Adenine,184,121,119,
3,121,2.14516, 0.851819, -2.60902,Adenine,183,122,120,
3,122,2.47963, 1.3394, -2.28018,Adenine,182,123,121,
3,123,2.81285, 1.55669, -1.73291,Adenine,181,124,122,
3,124,3.14441, 1.4276, -1.15746,Adenine,180,125,123,
3,125,3.47445, 0.996436, -0.75382,Adenine,179,126,124,
3,126,3.80365, 0.412485, -0.662316,Thymine,178,127,125,
3,127,4.13299, -0.121881, -0.914778,Guanine,177,128,126,
3,128,4.46338, -0.421516, -1.42351,Thymine,176,129,127,
3,129,4.79539, -0.382849, -2.01174,Adenine,175,130,128,
3,130,5.12901, -0.0198789, -2.47509,Adenine,174,131,129,
3,131,5.46368, 0.540697, -2.65257,Adenine,173,132,130,
3,132,5.79846, 1.10351, -2.48254,Guanine,172,133,131,
3,133,6.13239, 1.4724, -2.02412,Adenine,171,134,132,
3,134,6.4648, 1.51862, -1.43665,Adenine,170,135,133,
3,135,6.79554, 1.22555, -0.924341,Adenine,169,136,134,
3,136,7.12505, 0.694475, -0.665254,Thymine,168,137,135,
3,137,7.12407, -0.141242, -0.343245,Thymine,41,138,136,
3,138,6.79207, -0.641986, -0.0321548,Adenine,40,139,137,
3,139,6.46007, -0.880477, 0.506959,Guanine,39,140,138,
3,140,6.12807, -0.773834, 1.08674,Thymine,38,141,139,
3,141,5.79607, -0.359118, 1.50571,Adenine,37,142,140,
3,142,5.46407, 0.219548, 1.61826,Thymine,36,143,141,
3,143,5.13207, 0.761066, 1.38527,Thymine,35,144,142,
3,144,4.80007, 1.07724, 0.887728,Adenine,34,145,143,
3,145,4.46807, 1.05821, 0.298525,Guanine,33,146,144,
3,146,4.13607, 0.710567, -0.177572,Guanine,32,null,145,
4,147,14.1119, 0.962645, -2.59787,Cytosine,241,148,null,
4,148,13.777, 0.38037, -2.67897,Thymine,240,149,147,
4,149,13.4425, -0.14619, -2.41704,Thymine,239,150,148,
4,150,13.1093, -0.433486, -1.90308,Thymine,238,151,149,
4,151,12.7777, -0.381117, -1.31565,Thymine,237,152,150,
4,152,12.4477, -0.00672184, -0.858881,Adenine,236,153,151,
4,153,12.1185, 0.560147, -0.69146,Cytosine,235,154,152,
4,154,11.7892, 1.12305, -0.871538,Cytosine,234,155,153,
4,155,11.4588, 1.48692, -1.3365,Adenine,233,156,154,
4,156,11.1268, 1.52587, -1.92472,Cytosine,232,157,155,
4,157,10.7932, 1.22692, -2.43175,Cytosine,231,158,156,
4,158,10.4585, 0.694524, -2.68135,Cytosine,230,159,157,
4,159,10.1237, 0.114255, -2.58674,Cytosine,229,160,158,
4,160,9.78978, -0.311669, -2.18076,Cytosine,228,161,159,
4,161,9.45735, -0.434671, -1.60447,Cytosine,227,162,160,
4,162,9.1266, -0.211444, -1.0581,Thymine,226,163,161,
4,163,8.79708, 0.280992, -0.731499,Thymine,225,164,162,
4,164,8.46794, 0.872066, -0.738124,Cytosine,224,165,163,
4,165,8.13818, 1.35692, -1.07564,Cytosine,223,166,164,
4,166,7.80703, 1.56763, -1.62672,Thymine,222,167,165,
4,167,7.47419, 1.43151, -2.19981,Thymine,221,168,166,
4,168,7.12577, 0.962645, -2.55897,Adenine,136,169,167,
4,169,6.79092, 0.38037, -2.64007,Thymine,135,170,168,
4,170,6.45645, -0.14619, -2.37814,Thymine,134,171,169,
4,171,6.12321, -0.433486, -1.86418,Thymine,133,172,170,
4,172,5.79164, -0.381117, -1.27675,Cytosine,132,173,171,
4,173,5.46159, -0.00672184, -0.819979,Thymine,131,174,172,
4,174,5.13238, 0.560147, -0.652558,Thymine,130,175,173,
4,175,4.80305, 1.12305, -0.832636,Adenine,129,176,174,
4,176,4.47267, 1.48692, -1.2976,Adenine,128,177,175,
4,177,4.14067, 1.52587, -1.88582,Cytosine,127,178,176,
4,178,3.80706, 1.22692, -2.39285,Adenine,126,179,177,
4,179,3.4724, 0.694524, -2.64245,Thymine,125,180,178,
4,180,3.13762, 0.114255, -2.54784,Thymine,124,181,179,
4,181,2.80367, -0.311669, -2.14186,Thymine,123,182,180,
4,182,2.47125, -0.434671, -1.56557,Thymine,122,183,181,
4,183,2.1405, -0.211444, -1.0192,Thymine,121,184,182,
4,184,1.81098, 0.280992, -0.692597,Thymine,120,185,183,
4,185,1.48184, 0.872066, -0.699222,Thymine,119,186,184,
4,186,1.15208, 1.35692, -1.03674,Thymine,118,187,185,
4,187,0.820927, 1.56763, -1.58782,Cytosine,117,188,186,
4,188,0.488087, 1.43151, -2.16091,Thymine,116,189,187,
4,189,0.153853, 0.996437, -2.55682,Thymine,94,190,188,
4,190,-0.180998, 0.414163, -2.63792,Cytosine,93,191,189,
4,191,-0.515473, -0.1124, -2.376,Cytosine,92,192,190,
4,192,-0.848711, -0.399699, -1.86204,Cytosine,91,193,191,
4,193,-1.18028, -0.347334, -1.27462,Thymine,90,194,192,
4,194,-1.51033, 0.0270574, -0.817839,Thymine,89,195,193,
4,195,-1.83953, 0.593925, -0.650413,Thymine,88,196,194,
4,196,-2.16887, 1.15683, -0.830487,Thymine,87,197,195,
4,197,-2.49925, 1.52071, -1.29545,Adenine,86,198,196,
4,198,-2.83125, 1.55966, -1.88367,Thymine,85,199,197,
4,199,-3.16485, 1.26071, -2.3907,Cytosine,84,200,198,
4,200,-3.49952, 0.728314, -2.6403,Cytosine,83,201,199,
4,201,-3.8343, 0.148044, -2.5457,Cytosine,82,202,200,
4,202,-4.16824, -0.277882, -2.13972,Thymine,81,203,201,
4,203,-4.50067, -0.400886, -1.56343,Thymine,80,204,202,
4,204,-4.83142, -0.177662, -1.01706,Adenine,79,205,203,
4,205,-5.16094, 0.314774, -0.690454,Thymine,78,206,204,
4,206,-5.49008, 0.905847, -0.697077,Thymine,77,207,205,
4,207,-5.81984, 1.39071, -1.03459,Thymine,76,208,206,
4,208,-6.15099, 1.60141, -1.58567,Cytosine,75,209,207,
4,209,-6.5, 1.39772, -2.16306,Adenine,74,null,208,
5,210,10.7902, 0.155138, -0.414012,Adenine,52,211,null,
5,211,10.4582, -0.415055, -0.264341,Guanine,51,212,210,
5,212,10.1262, -0.801859, 0.180523,Adenine,50,213,211,
5,213,9.79418, -0.870851, 0.765982,Thymine,49,214,212,
5,214,9.46218, -0.598053, 1.28858,Guanine,48,215,213,
5,215,9.13018, -0.0782698, 1.56669,Adenine,47,216,214,
5,216,8.79818, 0.507862, 1.50368,Guanine,46,217,215,
5,217,8.46618, 0.95665, 1.12143,Thymine,45,218,216,
5,218,8.13418, 1.11213, 0.552793,Adenine,44,219,217,
5,219,7.80218, 0.920269, -0.00462159,Adenine,43,220,218,
5,220,7.47018, 0.447743, -0.3571,Guanine,42,221,219,
5,221,7.46838, 0.143174, -0.786227,Adenine,167,222,220,
5,222,7.79815, -0.293138, -1.18451,Adenine,166,223,221,
5,223,8.12932, -0.429612, -1.75849,Guanine,165,224,222,
5,224,8.46217, -0.219381, -2.30872,Guanine,164,225,223,
5,225,8.79641, 0.263937, -2.64403,Adenine,163,226,224,
5,226,9.13126, 0.851819, -2.64792,Adenine,162,227,225,
5,227,9.46573, 1.3394, -2.31908,Guanine,161,228,226,
5,228,9.79896, 1.55669, -1.77182,Guanine,160,229,227,
5,229,10.1305, 1.4276, -1.19636,Adenine,159,230,228,
5,230,10.4606, 0.996436, -0.792722,Adenine,158,231,229,
5,231,10.7898, 0.412485, -0.701218,Adenine,157,232,230,
5,232,11.1191, -0.121881, -0.95368,Adenine,156,233,231,
5,233,11.4495, -0.421516, -1.46241,Thymine,155,234,232,
5,234,11.7815, -0.382849, -2.05064,Guanine,154,235,233,
5,235,12.1151, -0.0198789, -2.51399,Adenine,153,236,234,
5,236,12.4498, 0.540697, -2.69148,Thymine,152,237,235,
5,237,12.7846, 1.10351, -2.52144,Adenine,151,238,236,
5,238,13.1185, 1.4724, -2.06302,Adenine,150,239,237,
5,239,13.4509, 1.51862, -1.47556,Adenine,149,240,238,
5,240,13.7816, 1.22555, -0.963242,Adenine,148,241,239,
5,241,14.1112, 0.694475, -0.704155,Guanine,147,242,240,
5,242,14.1102, -0.141242, -0.382147,Adenine,62,243,241,
5,243,13.7782, -0.641986, -0.0710565,Thymine,61,244,242,
5,244,13.4462, -0.880477, 0.468058,Guanine,60,245,243,
5,245,13.1142, -0.773834, 1.04784,Guanine,59,246,244,
5,246,12.7822, -0.359118, 1.46681,Guanine,58,247,245,
5,247,12.4502, 0.219548, 1.57936,Guanine,57,248,246,
5,248,12.1182, 0.761066, 1.34637,Adenine,56,249,247,
5,249,11.7862, 1.07724, 0.848826,Thymine,55,250,248,
5,250,11.4542, 1.05821, 0.259624,Guanine,54,251,249,
5,251,11.1222, 0.710567, -0.216474,Guanine,53,null,250,
